MU_code,management_unit,UID,year,effort ,site_number,timesincelogging,timeframe,forest_type ,x,y,buffer100m,buffer200m,buffer500m,buffer1000m,avg_treesharvest,avg_skidtrail,avg_feeder,avg_secondary,insectivores,granivores,frugivores,carnivores,omnivores,frugivore/insectivore,nectarivore,understory,mid-story,canopy,all,diversity,A.infuscatus,A.ochrolaemus,A.roraimae,A.rubiginosus,A.spadiceus,B.capensis,B.rivularis,C.aenea,C.arada,C.caeruleus,C.cinerascens,C.cyanoides,C.elegans,C.gutturalis,C.inda,C.largipennis,C.lineatus,C.mellisugus,C.notatus,C.spiza,C.talpacoti,C.tyrannina,C.ustulatus,C.variegatus,Co.torquatus,D.certhia,D.fuliginosa,D.longicauda,D.merula,D.picus,D.pipra,E.gutturalis,F.analis,F.colma,F.mellivora,F.viridis,G.albirostris,G.hirsutus,G.montana,G.rufigula,G.spirurus,H.cantator,H.flavicollis,H.macularius,H.melanopogon,H.muscicapinus,H.naevius,H.ochraceiceps,H.perrotii,L.albolineatus,L.fulvus,L.galeatus,L.verreauxi,L.vociferans,M.axillaris,M.barbatus,M.behni,M.ferruginea,M.gilvicollis,M.guttata,M.longipennis,M.macconnelli,M.menetriesii,M.momota,M.oleagineus,M.schisticolor,M.sulphureipygius,M.swainsoni,M.villosus,M.viridicata,M.watsonii,My.torquata,N.chrysocephalum,N.tectus,O.coronatus,O.inerme,P.albicollis,P.albifrons,P.augusti,P.carnifex,P.coronatus,P.crepitans,P.griseogularis,P.longuemareus,P.platyrhynchos,P.pyrrhodes,P.ruber,P.ruficaudatum,P.saturatus,P.stellaris,P.striigularis,P.subvinacea,P.superciliosus,P.uropygialis,Pe.erythromelas,Ph.erythrocercum,Pi.erythrocephala,R.olivaceus,R.ruficauda,S.grossus,S.leucostigma,S.mexicanus,S.olivacea,S.rufigularis,S.turdina,T.albicollis,T.ardesiacus,T.caesius,T.erythrurus,T.fumigatus,T.furcata,T.leucurus,T.melanurus,T.murinus,T.pella,T.surinamus,T.violaceus,T.virescens,W.poecilonota,X.guttatus,X.minutus,X.obsoletus,X.pardalotus,X.promeropirhynchus
Control-1after,control,control1,2013,424.8,1,1,post1,mora,295181,497630,0,0,0,0,0,0,0,0,14,1,0,0,1,1,2,17,1,0,1,19,0,0,0,0,0,0,0,0,0,0,0,1,0,0,0,0,0,0,0,0,0,0,0,0,0,0,1,0,3,0,6,3,0,1,0,0,0,0,0,2,7,2,0,0,0,0,0,0,0,0,0,0,0,0,0,1,0,0,0,0,5,1,0,0,0,0,0,2,0,0,0,0,0,0,2,0,0,10,0,0,0,0,0,0,0,0,0,0,1,0,0,0,1,0,0,0,0,1,0,0,0,0,0,0,0,0,1,2,0,0,0,0,0,0,0,0,0,0,4,3,1,0,0,0
Control-1after2,control,control1,2021,365.5,2,10,post10,mora,295181,497630,0,0,0,0,0,0,0,0,20,1,0,0,0,1,1,23,0,0,0,23,0,0,0,0,0,0,0,0,0,0,0,1,0,0,0,2,1,0,0,0,0,0,0,0,0,0,3,0,2,0,3,1,0,0,0,0,0,0,0,6,3,1,0,0,0,0,0,0,0,0,0,0,0,0,0,1,0,0,0,0,1,4,0,0,0,0,0,0,0,0,0,0,0,0,0,0,0,3,0,0,0,0,0,0,0,0,1,0,0,0,0,0,0,0,0,0,0,0,0,0,0,0,0,0,0,0,0,1,0,0,0,0,0,3,0,2,0,0,2,0,0,0,0,0
Control-1before,control,control1,2010,630,3,0,pre_logged,mora,295181,497630,0,0,0,0,0,0,0,0,17,0,0,1,0,1,1,19,0,1,0,20,0,0,0,0,0,0,0,0,0,0,1,0,0,0,0,2,0,0,0,0,0,0,0,0,0,0,0,0,10,0,5,0,0,0,0,0,0,0,0,11,11,0,0,0,0,0,0,0,0,0,3,0,0,0,1,0,0,0,1,3,8,1,0,0,0,0,0,0,0,0,0,0,0,0,0,0,0,13,0,0,0,0,0,0,3,1,0,0,3,0,0,0,0,0,0,0,0,0,0,0,0,0,0,0,0,0,3,1,0,0,0,0,0,0,0,0,0,0,2,2,0,0,0,0
Control-2after,control,control2,2013,653.4,4,1,post1,greenheart_mixed,294991,498708,0,0,0,0,0,0,0,0,15,0,0,2,3,2,1,18,1,2,2,23,0,0,0,0,0,0,0,0,0,0,0,0,0,0,0,2,0,0,0,0,0,0,0,0,0,0,0,0,1,0,2,1,0,2,0,0,0,0,0,0,8,0,0,0,0,0,0,2,0,0,0,0,0,0,0,2,1,0,0,4,0,1,0,0,1,0,0,0,0,0,0,0,0,0,0,0,0,6,0,0,0,0,0,0,1,0,0,0,0,0,0,0,0,0,2,0,0,0,0,0,0,1,2,0,0,0,3,0,0,0,0,0,0,0,0,0,0,0,3,2,0,0,0,0
Control-2after2,control,control2,2021,522.7,5,10,post10,greenheart_mixed,294991,498708,0,0,0,0,0,0,0,0,16,1,0,0,1,1,1,19,0,0,1,20,0,0,0,0,0,0,0,1,0,1,0,0,0,1,0,5,0,0,0,0,0,0,0,0,0,0,1,0,5,0,5,0,0,0,0,0,0,0,0,6,3,0,0,0,0,0,1,0,1,0,0,0,0,0,0,1,0,0,1,2,0,1,0,0,1,0,0,0,0,0,0,0,0,0,0,0,0,10,0,0,0,0,0,0,0,0,0,0,1,0,0,0,0,0,0,0,0,0,0,0,0,0,0,0,2,0,0,0,0,0,0,0,0,0,0,1,0,0,3,4,0,0,0,1
Control-2before,control,control2,2010,441,6,0,pre_logged,greenheart_mixed,294991,498708,0,0,0,0,0,0,0,0,11,0,0,0,1,1,0,11,1,0,1,13,0,0,0,0,0,0,0,0,0,0,0,0,0,0,0,0,0,0,0,0,0,0,0,0,0,0,1,0,3,0,8,0,0,0,0,0,0,0,0,1,3,0,0,0,0,0,0,0,0,0,0,0,0,0,0,1,0,0,0,0,0,0,0,0,0,0,0,0,0,0,0,0,0,0,0,0,0,1,0,0,0,0,0,0,0,0,0,0,4,0,0,0,0,0,0,0,0,0,0,0,0,0,0,0,0,0,3,0,0,0,0,0,0,1,0,2,0,0,2,5,0,0,0,0
Control-3after2,control,control3,2021,644.4,7,10,post10,mora_mixed,296143,498592,0,0,0,0,0,0,0,0,20,1,1,0,0,1,1,21,0,1,2,24,0,0,0,0,0,0,0,0,0,0,0,1,0,0,0,0,0,1,0,0,0,0,0,1,0,0,4,0,2,0,3,0,0,0,0,0,0,0,0,2,9,1,0,0,0,0,0,0,0,0,0,0,1,1,0,0,2,0,0,2,1,2,0,0,0,0,0,0,0,0,0,0,0,0,1,0,0,4,0,0,0,0,0,0,0,1,0,0,0,0,0,0,0,0,0,0,0,0,0,0,0,0,0,0,0,0,1,0,0,2,0,0,0,1,0,0,0,0,2,2,1,0,0,0
Control-3before,control,control3,2010,514.2,8,0,pre_logged,mora_mixed,296143,498592,0,0,0,0,0,0,0,0,13,1,0,0,0,1,1,14,0,1,1,16,0,0,0,0,0,0,0,0,0,0,0,0,0,0,0,1,0,0,0,0,0,0,0,0,0,1,1,0,0,0,4,1,0,0,0,0,0,0,0,6,2,1,0,0,0,0,0,1,0,0,0,0,0,1,2,0,0,2,0,0,1,0,0,0,1,0,0,0,0,0,0,0,0,0,0,0,0,16,0,0,0,0,0,0,0,0,0,0,0,0,0,0,0,0,0,0,1,0,0,0,0,0,0,0,0,0,3,5,0,0,0,0,0,0,0,0,0,0,1,2,0,0,0,1
Control-3after,control,control3,2013,423,9,1,post1,mora_mixed,296143,498592,0,0,0,0,0,0,0,0,17,0,1,0,0,2,1,18,0,1,1,21,0,0,0,0,0,1,0,0,0,0,0,1,0,0,0,0,0,0,0,0,0,0,0,0,0,1,2,0,0,0,9,0,0,0,0,0,0,0,0,0,7,3,0,0,0,0,0,0,0,0,0,0,0,0,0,0,0,0,0,1,2,0,0,0,0,0,0,0,0,0,0,0,0,0,0,2,0,2,0,0,0,0,0,0,0,0,0,0,0,0,0,0,1,0,0,0,0,1,0,0,0,0,0,0,0,0,1,0,0,0,0,0,0,0,0,0,0,0,1,0,0,0,1,0
E6-1Logged,E6,E6-1,2013,527,10,1,post1,greenheart ,310504,508982,0,10,79,274,90.75,0.19,0.35,0.71,20,0,1,0,1,2,1,24,1,0,0,25,0,0,0,0,0,0,0,0,0,0,0,1,0,2,0,4,1,0,0,0,0,0,0,0,0,0,1,2,1,0,12,3,0,0,0,0,0,0,1,0,4,0,0,0,0,0,0,1,0,0,0,0,0,0,0,1,1,0,0,3,1,4,0,0,4,0,0,0,0,0,0,0,0,0,1,0,0,7,0,0,0,0,0,0,0,0,0,0,2,0,0,0,0,0,0,0,1,0,0,0,1,0,0,0,0,0,5,2,0,0,0,0,0,0,0,2,0,0,4,0,0,0,0,0
E6-1Logged2,E6,E6-1,2020,621,11,10,post10,greenheart ,310504,508982,0,10,79,274,90.75,0.19,0.35,0.71,20,0,0,1,0,1,2,23,0,0,1,24,0,0,0,0,0,0,0,1,0,0,0,0,0,2,0,2,0,0,0,0,0,0,0,0,0,0,0,0,0,0,24,1,0,3,0,0,0,0,0,3,3,0,0,0,0,0,0,1,0,0,0,0,0,0,0,0,0,0,2,2,1,1,1,0,1,0,0,0,0,0,0,0,0,0,0,0,0,6,0,0,0,0,0,0,1,0,0,0,1,0,0,0,1,0,0,0,0,0,1,0,0,0,0,0,0,0,3,2,0,0,0,0,0,2,0,0,0,0,5,1,2,0,0,0
E6-1Plogged,E6,E6-1,2009,646,12,0,pre_logged,greenheart ,310504,508982,0,0,0,0,0,0.19,0.35,0.71,18,0,1,0,2,1,7,25,1,2,1,29,0,0,0,0,0,0,0,0,1,0,0,0,1,0,1,7,0,1,0,1,0,1,0,0,0,0,2,1,1,0,7,1,1,0,0,0,0,1,0,1,7,0,0,0,0,0,0,0,0,0,0,0,0,0,2,0,0,0,0,0,5,3,5,0,1,0,0,0,0,0,0,3,0,0,0,0,0,9,0,1,0,0,0,0,1,0,1,0,0,0,2,0,0,0,0,0,0,0,0,0,0,0,0,0,0,0,2,0,0,0,3,1,0,0,0,3,0,0,5,0,0,0,0,0
E6-2Logged,E6,E6-2,2013,612,13,1,post1,greenheart ,310490,507982,1,22,186,542,187.75,0.19,0.35,0.71,18,0,0,0,1,2,3,22,1,1,0,24,0,0,0,0,0,0,0,0,0,0,0,0,0,1,0,3,0,0,0,0,0,0,0,0,0,0,3,2,1,0,4,2,1,0,0,0,0,0,0,2,5,0,0,0,0,0,0,0,0,0,0,0,0,0,0,1,0,0,0,3,9,7,0,0,5,0,0,0,0,0,0,0,0,0,0,0,0,0,0,0,0,0,0,0,0,0,0,0,3,0,0,0,0,0,0,0,2,0,1,0,2,0,0,0,0,0,6,6,0,0,0,1,0,0,1,1,0,0,2,0,0,0,0,0
E6-2Logged2,E6,E6-2,2020,720,14,10,post10,greenheart ,310490,507982,1,22,186,542,187.75,0.19,0.35,0.71,26,0,0,0,2,2,1,27,2,0,2,31,1,0,0,0,0,0,0,0,0,0,0,0,0,2,0,1,0,0,0,0,0,0,0,0,0,0,1,0,3,0,10,2,1,2,0,1,0,0,0,6,6,0,0,0,0,0,0,2,2,0,0,0,0,0,0,0,0,0,0,2,1,4,0,0,1,0,1,0,0,0,0,0,0,0,0,0,0,13,0,0,0,0,0,0,2,0,0,0,4,0,0,0,0,0,0,0,1,0,0,0,1,2,3,0,0,0,3,0,0,0,0,0,0,2,0,3,0,0,2,1,1,0,0,0
E6-2Plogged,E6,E6-2,2009,675,15,0,pre_logged,greenheart ,310490,507982,0,0,0,0,0,0.19,0.35,0.71,17,0,0,0,1,1,5,23,0,0,1,24,0,0,0,1,0,0,0,0,2,0,0,0,0,0,0,2,0,0,0,0,0,0,0,0,0,0,0,0,1,0,10,0,0,0,0,0,0,0,0,1,5,0,0,0,0,0,0,0,0,0,0,0,0,0,0,0,0,0,0,7,1,10,1,0,0,1,0,0,0,0,0,0,0,0,0,0,0,4,0,0,0,0,1,0,4,0,0,0,0,0,0,0,1,0,0,0,0,0,1,0,1,0,0,0,1,0,4,0,0,0,1,3,0,1,0,0,0,0,1,0,1,0,1,0
K39-1Logged,K39,K39-1,2012,603,16,1,post1,general_mixed,305002,510025,14,32,102,348,124,0.18,0.65,0.54,19,0,1,0,3,1,2,23,1,1,1,26,0,0,0,0,0,0,0,0,0,0,0,0,0,2,0,0,0,0,1,0,0,0,0,0,0,0,1,0,0,0,8,1,0,2,0,0,0,0,1,0,6,1,1,0,0,0,0,3,0,0,0,0,0,0,5,4,0,0,0,6,6,0,2,0,2,0,0,0,0,0,0,0,0,0,0,0,0,1,0,0,0,0,0,0,2,0,0,0,0,0,0,0,3,0,0,0,0,0,0,0,0,0,0,0,1,0,4,6,0,0,0,0,0,1,0,3,0,0,3,0,0,0,2,0
K39-1Logged2,K39,K39-1,2020,640.8,17,10,post10,general_mixed,305002,510025,14,32,102,348,124,0.18,0.65,0.54,24,0,0,0,2,1,0,25,1,0,1,27,0,0,0,0,0,0,0,0,2,0,0,0,0,2,0,0,0,0,0,0,0,0,0,0,0,0,1,0,0,0,9,3,1,1,0,0,0,0,0,0,9,2,0,1,0,0,0,2,0,0,0,0,0,0,0,0,2,0,0,4,2,9,6,0,0,2,0,0,2,0,0,0,0,0,0,0,0,6,0,0,0,0,0,0,1,0,0,0,1,0,0,0,0,0,0,0,0,0,0,0,0,1,1,0,0,0,2,2,0,0,0,0,0,3,0,2,0,0,2,4,0,0,0,0
K39-1Plogged,K39,K39-1,2009,639,18,0,pre_logged,general_mixed,305002,510025,0,0,0,0,0,0.18,0.65,0.54,17,0,1,0,1,2,1,22,0,0,0,22,0,0,0,0,0,0,0,0,0,0,0,0,1,1,0,0,0,0,0,0,0,0,0,0,0,0,1,1,2,0,5,1,0,0,0,0,1,0,1,0,4,0,0,0,0,0,0,0,0,0,0,0,0,0,0,0,0,0,0,1,3,0,0,0,1,0,0,0,0,0,0,0,0,0,1,0,0,6,0,0,0,0,0,0,0,0,0,0,2,0,0,0,2,0,0,0,2,0,0,0,0,0,0,0,4,0,5,0,0,0,0,0,0,0,0,0,0,0,4,1,1,0,1,0
K39-2Logged,K39,K39-2,2012,621,19,1,post1,general_mixed,304001,510016,7,43,205,843,274.5,0.18,0.65,0.54,16,0,2,1,1,1,3,23,1,0,0,24,0,0,0,0,0,0,0,0,0,0,0,0,0,2,0,0,0,0,0,0,0,0,0,0,0,0,2,0,1,1,0,0,1,0,0,0,0,0,3,1,2,0,0,0,0,0,0,0,0,0,0,0,0,0,1,0,0,0,1,0,1,1,1,0,1,0,0,0,0,0,0,0,0,0,0,0,0,4,0,0,0,0,0,1,1,0,0,0,0,0,0,1,1,0,0,0,1,0,0,0,0,0,0,0,0,0,0,3,0,0,1,0,0,0,0,7,0,0,6,3,0,0,0,0
K39-2Logged2,K39,K39-2,2020,648,20,10,post10,general_mixed,304001,510016,7,43,205,843,274.5,0.18,0.65,0.54,17,1,2,0,2,1,0,20,1,1,1,23,0,0,0,0,0,0,0,0,0,0,0,0,0,0,0,0,0,0,0,0,0,0,0,0,0,0,6,0,1,0,3,1,0,0,0,0,0,0,1,12,11,0,0,0,0,0,0,3,0,0,0,0,0,1,0,0,0,0,0,1,4,3,0,0,0,4,0,0,0,0,0,0,0,0,1,0,0,9,0,0,0,1,0,0,0,0,0,0,3,0,0,0,0,0,2,0,0,0,0,0,0,0,3,0,0,0,2,0,0,0,0,0,0,0,0,3,0,0,4,1,0,0,0,0
K39-2Plogged,K39,K39-2,2009,648,21,0,pre_logged,general_mixed,304001,510016,0,0,0,0,0,0.18,0.65,0.54,21,0,2,1,2,1,0,23,0,2,2,27,0,0,1,0,0,0,0,1,0,0,0,0,0,1,0,0,0,0,0,0,0,0,0,0,0,0,2,0,13,0,7,1,0,2,0,0,0,0,3,14,1,0,0,1,0,0,0,0,0,0,0,0,0,1,0,0,0,0,1,0,3,2,0,1,4,0,0,0,0,0,0,0,0,0,0,0,0,23,0,0,0,0,0,0,1,0,0,0,1,0,0,0,0,0,0,0,0,0,0,0,0,0,0,0,1,0,3,1,0,0,0,0,0,3,0,0,0,0,8,1,0,0,1,1
K39-3Logged,K39,K39-3,2012,639,22,1,post1,general_mixed,303001,510017,16,49,242,414,180.25,0.18,0.65,0.54,24,0,1,0,1,1,0,24,1,1,1,27,0,0,0,0,0,1,0,0,0,0,0,0,0,0,0,0,1,0,0,0,0,0,0,0,0,1,0,0,0,0,7,1,0,4,0,0,0,0,2,0,2,0,0,0,0,0,0,2,0,0,0,1,0,0,0,1,0,0,0,1,4,1,0,0,3,0,0,0,0,0,0,2,0,0,0,0,0,7,0,0,0,0,0,0,0,2,0,0,1,0,0,0,0,0,0,5,0,0,0,0,0,0,0,0,10,0,2,6,1,0,0,0,0,0,0,0,0,0,6,0,2,2,1,0
K39-3Logged2,K39,K39-3,2020,648,23,10,post10,general_mixed,303001,510017,16,49,242,414,180.25,0.18,0.65,0.54,26,0,1,0,2,2,1,29,1,1,1,32,0,0,0,0,0,0,0,0,3,1,0,0,0,0,0,0,0,0,0,0,0,0,0,0,0,0,0,0,1,0,21,0,0,0,0,0,1,0,4,4,5,0,0,0,0,0,0,1,0,0,0,0,1,0,1,0,1,0,0,5,1,9,1,0,3,0,0,0,0,0,0,2,0,0,0,0,0,4,0,0,0,0,0,0,1,0,0,0,2,0,0,0,2,1,0,0,2,0,1,0,0,0,2,0,0,0,2,1,0,0,0,0,0,4,0,5,0,1,4,3,1,0,0,0
K39-3Plogged,K39,K39-3,2009,711,24,0,pre_logged,general_mixed,303001,510017,0,0,0,0,0,0.18,0.65,0.54,20,0,0,0,1,1,0,20,0,1,1,22,0,1,0,2,0,0,0,0,11,1,0,0,0,1,0,0,0,0,0,0,0,2,0,0,0,0,1,0,0,0,3,0,0,1,0,0,0,0,0,2,2,0,0,0,0,0,0,2,0,0,0,0,0,0,0,0,0,0,0,2,13,1,0,0,8,0,0,0,0,0,0,4,0,0,0,0,0,4,0,0,0,0,0,0,0,0,0,1,2,0,0,0,0,0,0,0,0,0,0,0,0,0,0,0,2,0,8,0,1,0,0,0,0,1,0,0,0,0,6,0,0,0,3,0
K39-4Logged,K39,K39-4,2012,648,25,1,post1,greenheart,302017,510004,14,33,113,414,143.5,0.18,0.65,0.54,16,0,0,0,1,1,1,19,0,0,0,19,0,0,0,0,0,0,0,0,0,0,0,0,0,1,0,0,0,0,0,0,0,0,0,0,0,0,1,0,1,0,6,0,0,1,0,0,0,0,0,2,1,0,0,0,0,0,0,1,0,0,0,0,0,0,1,0,0,0,0,0,7,0,0,0,3,0,0,0,0,0,0,0,0,0,0,0,0,2,0,0,0,0,0,0,0,0,1,0,1,0,0,0,0,0,0,0,0,0,0,0,1,0,0,0,1,0,1,0,2,0,0,0,0,0,0,0,0,0,2,3,0,0,0,0
K39-4Logged2,K39,K39-4,2020,635.4,26,10,post10,greenheart,302017,510004,14,33,113,414,143.5,0.18,0.65,0.54,17,0,3,0,2,0,1,19,1,2,1,23,0,0,0,0,0,0,0,0,0,0,0,0,0,3,0,0,0,0,0,0,0,0,1,0,0,0,2,0,1,0,10,1,0,0,0,0,0,0,0,5,4,0,0,0,0,0,0,0,0,0,0,0,0,0,0,0,0,0,0,2,0,5,0,0,2,0,0,0,0,0,0,2,0,0,0,0,0,15,0,0,0,0,0,0,0,0,0,2,2,0,0,0,1,0,0,0,3,0,0,0,0,4,3,0,0,0,2,0,0,0,0,0,0,1,0,4,0,0,5,0,1,0,0,0
K39-4Plogged,K39,K39-4,2009,648,27,0,pre_logged,greenheart,302017,510004,0,0,0,0,0,0.18,0.65,0.54,21,1,1,0,3,1,0,20,1,3,3,27,0,0,0,1,0,0,0,0,0,0,0,0,0,4,1,0,0,0,0,0,0,0,0,0,0,1,0,0,1,0,3,0,3,0,0,0,0,0,0,1,1,0,0,1,1,0,0,0,0,0,0,0,0,0,0,0,0,0,0,2,5,4,0,1,3,0,0,0,0,0,0,0,0,1,0,0,0,5,0,1,0,0,0,0,0,0,0,0,2,0,0,0,0,0,1,0,0,0,0,0,0,0,0,0,2,1,8,1,0,0,0,0,0,0,0,1,0,0,3,1,2,0,1,0
K41-1Logged,K41,K41-1,2011,576,28,1,post1,soft_wallaba,307997,510429,0,4,130,445,144.75,0.22,0.32,0.61,16,0,0,0,2,2,1,18,1,0,2,21,0,0,0,0,0,0,0,1,0,0,0,0,0,0,0,0,0,0,0,0,0,1,0,0,0,0,0,0,0,0,11,1,0,1,0,0,0,0,0,0,7,0,0,0,0,0,0,3,0,0,0,0,0,0,0,0,0,0,0,2,4,2,0,0,1,0,0,0,0,0,0,0,2,0,0,0,0,5,0,0,0,1,0,0,0,0,0,0,0,0,0,0,0,0,0,0,0,0,0,0,0,0,0,0,1,0,5,3,0,0,1,0,0,2,0,2,0,0,3,0,0,0,0,1
K41-1Logged2,K41,K41-1,2020,644.9,29,10,post10,soft_wallaba,307997,510429,0,4,130,445,144.75,0.22,0.32,0.61,14,0,0,0,1,1,1,16,0,0,1,17,0,0,0,0,0,1,0,1,0,0,0,0,0,0,0,1,0,0,0,0,0,0,0,0,0,0,0,0,1,0,4,0,0,0,0,0,0,0,0,8,2,0,0,0,0,0,0,1,0,0,0,0,0,0,0,0,0,0,0,3,1,0,0,0,2,0,0,0,2,0,0,0,0,0,0,0,0,15,0,0,0,0,0,0,1,0,0,0,0,0,0,0,0,0,0,0,0,1,0,0,1,0,1,0,0,0,0,0,0,0,0,0,0,1,0,0,0,0,1,0,0,0,0,0
K41-1Plogged,K41,K41-1,2008,619.4,30,0,pre_logged,soft_wallaba,307997,510429,0,0,0,0,0,0.22,0.32,0.61,14,0,0,1,1,1,0,17,0,0,0,17,0,0,0,0,0,0,0,1,0,0,0,0,0,0,0,0,0,0,0,0,0,0,0,0,0,0,1,1,1,0,12,1,0,0,0,0,0,0,0,0,3,0,0,0,0,0,0,0,0,0,0,0,0,0,0,0,0,0,2,3,2,2,1,0,2,0,0,0,0,0,0,0,0,0,0,0,0,3,0,0,0,0,0,0,0,0,0,0,0,0,0,0,0,0,0,0,0,0,0,0,0,0,0,0,6,0,4,0,0,0,0,0,0,0,0,0,0,0,2,0,1,0,0,0
K41-2Logged,K41,K41-2,2011,612,31,1,post1,greenheart_mixed,306988,510437,5,12,272,765,263.5,0.22,0.32,0.61,14,0,1,0,2,3,2,20,1,1,0,22,0,0,0,0,0,0,0,2,0,0,0,0,0,0,0,1,0,0,0,0,1,0,1,0,0,0,0,0,0,0,26,0,0,0,0,0,0,0,0,2,3,4,0,0,0,0,0,0,0,0,0,0,0,0,1,0,0,0,0,2,2,1,1,0,8,0,0,0,0,0,0,0,0,0,0,0,0,3,0,0,0,0,0,0,0,0,0,0,0,0,0,0,1,0,0,0,1,0,1,0,0,0,0,0,1,0,0,1,0,0,0,0,0,0,0,3,0,0,3,1,0,0,0,0
K41-2Logged2,K41,K41-2,2020,633.6,32,10,post10,greenheart_mixed,306988,510437,5,12,272,765,263.5,0.22,0.32,0.61,15,0,0,0,2,1,1,17,1,0,1,19,0,0,0,0,0,0,0,0,0,2,0,0,0,0,0,0,0,0,0,0,0,0,0,0,0,0,0,0,2,0,21,3,0,0,0,0,0,0,0,9,3,0,0,0,0,0,0,0,0,0,0,0,0,0,0,0,0,0,0,3,0,3,0,0,2,0,0,0,0,0,0,0,0,0,1,0,0,5,0,0,0,0,0,0,0,0,0,0,0,1,0,0,1,0,0,0,0,0,0,0,1,0,1,0,0,0,4,0,0,0,0,0,0,1,0,3,0,0,5,1,0,0,0,0
K41-2Plogged,K41,K41-2,2008,621,33,0,pre_logged,greenheart_mixed,306988,510437,0,0,0,0,0,0.22,0.32,0.61,18,0,0,0,1,1,1,20,1,0,0,21,0,0,0,0,0,0,0,2,0,0,0,0,0,3,0,0,0,0,1,0,0,5,0,0,0,0,4,1,0,0,25,1,2,0,0,0,0,0,0,0,4,0,0,0,0,0,0,0,0,0,0,0,0,0,1,3,0,0,0,2,7,13,0,0,1,0,0,0,0,0,0,1,0,0,0,0,0,3,0,0,0,0,0,0,0,0,0,0,1,0,0,0,0,0,0,0,0,0,0,0,2,0,0,0,0,0,0,0,0,0,0,0,0,0,0,2,0,0,5,1,0,0,0,0
K41-3Logged,K41,K41-3,2011,625.5,34,1,post1,greenheart_mixed,305997,510436,14,39,207,635,223.75,0.22,0.32,0.61,22,0,0,0,3,1,3,26,0,2,1,29,0,0,0,0,0,0,0,1,0,2,0,0,0,0,0,1,0,0,0,0,0,2,0,0,0,0,0,1,0,0,20,2,0,0,0,0,0,0,0,7,1,3,0,0,0,0,0,1,0,0,0,0,0,0,4,3,0,0,0,1,6,5,1,1,0,0,0,0,0,0,0,0,0,0,0,0,0,1,0,0,0,0,0,0,0,0,0,0,3,0,0,0,1,0,0,0,0,0,0,0,3,0,0,0,1,0,0,5,1,0,3,0,0,2,0,0,1,0,6,2,2,0,0,0
K41-3Logged2,K41,K41-3,2020,633.6,35,10,post10,greenheart_mixed,305997,510436,14,39,207,635,223.75,0.22,0.32,0.61,14,0,0,0,2,1,1,16,1,0,1,18,0,0,0,0,0,0,0,0,0,0,0,0,0,0,0,1,0,0,0,0,0,0,0,0,0,0,3,0,0,0,7,0,0,0,0,1,0,0,0,0,2,0,0,0,0,0,0,0,0,0,0,0,0,0,0,0,0,0,0,2,3,0,0,0,0,0,0,0,5,0,0,2,0,0,0,0,0,10,0,0,0,0,0,0,0,0,0,0,1,0,0,0,0,0,0,0,0,0,0,0,0,0,1,0,0,0,4,0,0,0,0,0,0,1,0,1,0,0,5,2,1,0,0,0
K41-3Plogged,K41,K41-3,2008,638,36,0,pre_logged,greenheart_mixed,305997,510436,0,0,0,0,0,0.22,0.32,0.61,20,0,0,0,2,1,0,19,1,2,1,23,0,0,0,0,0,2,0,0,0,0,0,0,0,0,0,0,0,0,0,0,0,0,0,0,0,0,2,0,2,0,14,3,0,1,0,0,0,0,0,0,7,0,2,0,0,0,0,0,0,1,0,0,0,0,1,0,0,0,0,3,5,1,5,0,0,0,0,0,0,0,0,2,0,0,0,0,0,12,0,0,0,0,0,0,1,0,0,0,3,0,0,0,0,0,0,0,0,0,0,0,0,0,0,0,0,2,5,1,0,0,0,0,0,0,0,3,0,0,4,0,2,0,0,0
K41-4Logged,K41,K41-4,2011,623.2,37,1,post1,morei_scrub,305016,510432,0,10,108,341,114.75,0.22,0.32,0.61,11,0,0,1,2,3,4,15,1,2,3,21,0,0,0,0,0,0,0,0,0,0,0,0,0,0,0,2,0,1,0,0,0,0,0,0,0,2,0,0,1,0,21,0,0,3,1,0,0,0,0,0,5,0,0,0,0,0,0,0,0,0,0,0,0,0,0,0,0,0,0,0,0,5,0,0,1,0,0,0,0,0,1,0,1,0,0,0,0,2,0,0,0,0,0,0,0,0,0,0,1,0,0,0,5,0,0,0,1,0,0,0,0,0,0,0,3,2,0,0,0,0,0,0,0,0,0,1,0,0,6,0,0,0,1,0
K41-4Logged2,K41,K41-4,2020,603.5,38,10,post10,morei_scrub,305016,510432,0,10,108,341,114.75,0.22,0.32,0.61,17,0,0,0,1,2,1,20,0,0,1,21,0,0,0,0,0,0,0,0,0,0,0,0,0,0,0,1,0,0,0,0,0,0,0,0,0,0,1,0,1,0,18,0,0,1,0,0,0,0,0,2,3,1,0,0,0,0,0,0,0,0,0,0,0,0,0,0,0,0,0,0,4,2,0,0,3,0,0,0,2,1,0,0,0,0,0,0,0,2,0,0,0,0,0,0,0,0,0,0,4,0,0,0,0,0,0,0,1,0,0,0,0,0,3,0,0,0,2,0,0,0,0,0,0,1,0,0,0,0,1,3,0,0,0,0
K41-4Plogged,K41,K41-4,2008,621,39,0,pre_logged,morei_scrub,305016,510432,0,0,0,0,0,0.22,0.32,0.61,15,0,0,0,0,3,2,18,0,0,2,20,0,0,0,0,0,0,0,0,0,0,0,0,0,0,0,0,0,0,0,0,0,1,0,0,2,0,1,0,2,0,24,0,0,0,0,0,0,0,0,1,3,0,0,0,0,0,0,0,0,0,0,0,0,0,0,0,0,0,0,0,0,9,0,0,0,0,0,0,0,0,0,1,6,0,0,0,0,3,0,0,0,0,0,0,0,0,0,0,2,0,0,0,1,0,0,0,1,0,0,0,0,0,0,0,0,1,7,0,0,0,1,0,0,0,0,0,0,0,2,0,5,0,0,1
K43-1Logged,K43,K43-1,2012,595,40,1,post1,general_mixed,306639,508039,4,10,75,370,114.75,0.19,0.25,0,19,1,1,0,0,2,0,18,0,2,3,23,0,0,0,0,1,0,0,0,0,0,0,0,0,0,0,0,0,0,0,0,0,1,0,0,0,0,0,0,1,0,4,1,0,0,0,0,0,0,1,5,8,2,0,0,0,0,0,1,0,0,0,0,0,0,0,0,0,1,0,0,1,2,0,0,1,0,0,0,0,0,0,0,0,0,0,0,0,1,0,0,0,0,0,0,0,0,0,0,1,0,0,0,0,0,0,0,2,0,0,1,0,0,0,0,0,1,1,0,0,0,0,0,0,1,0,0,0,0,3,0,0,0,0,1
K43-1Logged2,K43,K43-1,2020,630,41,10,post10,general_mixed,306639,508039,4,10,75,370,114.75,0.19,0.25,0,12,0,1,0,1,3,1,14,0,3,1,18,0,2,0,0,0,0,0,0,0,0,0,0,0,0,0,0,0,0,0,0,0,0,1,0,0,0,0,0,0,0,1,1,0,0,0,0,0,0,0,4,6,0,0,0,0,0,0,0,0,0,0,0,0,0,0,0,0,0,0,2,0,0,0,1,0,0,0,0,0,0,0,0,0,0,0,0,0,10,0,1,0,0,0,0,0,0,0,0,2,0,0,0,1,0,0,0,1,0,0,0,0,1,0,0,0,0,3,0,0,0,0,0,0,1,0,0,0,0,2,1,0,0,0,0
K43-1Plogged,K43,K43-1,2010,621,42,0,pre_logged,general_mixed,306639,508039,0,0,0,0,0,0.19,0.25,0,14,0,0,0,1,3,2,17,1,2,0,20,0,0,0,0,0,1,1,0,0,0,0,0,1,3,0,0,0,0,0,0,0,0,0,0,0,0,0,0,2,1,2,0,0,0,0,2,0,0,0,8,4,0,0,0,0,0,0,0,0,0,0,0,0,0,0,0,0,0,0,0,0,6,0,0,0,0,0,0,0,0,0,0,0,0,0,0,0,3,1,0,0,0,0,0,0,0,0,0,2,0,0,0,1,0,0,0,3,0,0,0,0,0,0,0,0,0,2,0,0,0,0,0,0,0,0,2,0,0,1,2,0,0,0,0
K43-2Logged,K43,K43-2,2012,561,43,1,post1,general_mixed,305638,508026,1,9,163,573,186.5,0.19,0.25,0,16,0,0,0,1,2,3,20,1,0,1,22,0,0,0,0,0,0,0,0,0,0,0,0,0,0,0,1,0,0,0,0,0,1,0,0,0,0,2,0,1,0,11,0,0,0,0,0,0,0,0,3,6,0,0,0,1,0,0,0,0,0,0,0,0,0,0,0,0,0,0,1,1,1,0,0,0,0,0,0,0,0,0,0,0,0,0,0,0,4,0,0,0,0,0,0,0,0,0,0,0,0,0,0,3,0,0,0,1,0,0,0,2,0,0,0,0,2,2,1,0,0,0,3,0,0,0,2,0,0,2,3,0,0,0,0
K43-2Logged2,K43,K43-2,2020,633.6,44,10,post10,general_mixed,305638,508026,1,9,163,573,186.5,0.19,0.25,0,23,0,0,1,2,1,1,25,1,0,2,28,0,0,0,0,0,0,0,1,0,0,1,0,0,0,0,0,0,0,0,0,0,0,0,0,0,0,0,0,4,0,7,1,3,1,0,0,0,0,0,3,4,0,0,0,0,0,0,3,0,0,0,0,0,0,0,0,3,0,0,2,0,6,0,0,0,0,0,0,0,0,0,0,0,0,0,0,0,12,0,0,0,0,0,0,0,0,0,0,0,1,0,0,0,0,0,0,0,0,0,0,1,1,1,1,0,2,3,3,1,0,1,0,0,4,0,1,0,0,7,3,0,0,0,0
K43-2Plogged,K43,K43-2,2010,630,45,0,pre_logged,general_mixed,305638,508026,0,0,0,0,0,0.19,0.25,0,12,1,0,1,0,1,4,17,0,1,1,19,0,0,0,0,0,0,0,0,0,0,0,0,0,0,0,1,0,0,0,0,0,4,0,0,0,0,0,1,0,0,10,0,1,2,0,0,0,0,0,1,5,0,0,0,0,1,0,0,0,0,0,0,0,0,0,0,0,0,1,0,0,7,0,0,0,0,0,0,0,0,0,0,0,0,0,0,0,2,0,0,1,0,0,0,0,0,0,0,0,0,0,0,1,0,3,0,0,0,0,0,0,0,0,0,0,0,1,0,0,0,1,2,0,0,0,0,0,0,0,3,0,0,0,0
K43-3Logged,K43,K43-3,2012,578,46,1,post1,general_mixed,304687,508035,6,32,175,645,214.5,0.19,0.25,0,9,0,0,0,1,2,3,13,0,1,1,15,0,0,0,0,0,0,0,0,0,0,0,0,0,1,0,3,0,0,0,0,0,0,0,0,0,0,0,0,0,0,8,0,0,0,0,0,0,0,0,3,8,0,0,1,0,0,0,1,2,0,0,0,0,0,0,0,0,0,0,2,0,12,0,0,0,0,0,0,0,0,0,1,0,0,0,0,0,0,0,0,0,0,0,0,0,0,0,0,0,0,0,0,3,0,0,0,0,0,0,0,0,0,0,0,1,0,0,0,0,0,1,0,0,0,0,0,0,0,1,0,0,0,0,0
K43-3Logged2,K43,K43-3,2020,633.6,47,10,post10,general_mixed,304687,508035,6,32,175,645,214.5,0.19,0.25,0,24,1,0,1,2,3,0,27,1,1,2,31,0,1,0,0,0,0,0,0,0,0,0,0,0,0,0,0,0,0,0,0,0,0,0,0,0,0,1,0,3,0,11,1,2,0,0,0,0,0,0,2,6,1,0,0,0,0,0,5,0,0,0,0,0,0,1,0,0,0,0,3,2,8,2,0,0,0,1,0,0,0,0,0,1,0,1,0,1,2,0,0,0,0,0,0,0,0,0,0,1,0,0,0,0,0,1,0,1,0,0,0,0,1,1,0,0,1,4,1,0,0,0,0,0,0,0,3,0,0,5,6,0,0,0,0
K43-3Plogged,K43,K43-3,2010,639,48,0,pre_logged,general_mixed,304687,508035,0,0,0,0,0,0.19,0.25,0,16,0,0,0,3,1,2,19,1,1,1,22,0,0,0,0,0,0,0,0,0,0,0,0,0,0,0,0,0,0,0,0,0,0,0,0,0,0,1,0,0,0,7,2,0,1,0,0,0,0,0,1,7,0,0,2,0,0,0,1,0,0,0,0,0,0,0,0,0,0,0,0,2,11,0,0,0,0,0,0,0,0,0,0,0,0,0,0,0,5,0,0,0,0,0,0,0,0,0,0,1,0,0,0,1,0,0,0,0,0,0,0,0,0,0,0,2,0,1,1,0,0,1,0,1,1,0,2,0,0,5,2,0,0,0,0
K43-4Logged,K43,K43-4,2012,450.5,49,1,post1,general_mixed,303668,508016,3,36,243,719,250.25,0.19,0.25,0,14,1,0,1,0,1,3,19,0,0,1,20,0,1,0,0,0,0,0,1,0,0,0,0,0,0,0,1,0,0,0,0,0,0,0,0,0,0,1,0,1,0,3,1,0,1,0,0,0,0,0,1,1,2,0,1,0,0,0,0,0,0,0,0,0,0,0,0,0,0,0,0,0,0,0,0,3,0,0,0,0,0,0,1,0,0,0,0,0,4,0,0,0,0,0,0,0,0,1,0,0,0,0,0,0,0,1,0,0,0,0,0,0,0,0,0,0,0,1,0,0,0,2,0,0,0,0,0,0,0,3,0,0,0,0,0
K43-4Logged2,K43,K43-4,2020,635.4,50,10,post10,general_mixed,303668,508016,3,36,243,719,250.25,0.19,0.25,0,17,0,0,0,0,1,0,17,0,1,0,18,0,2,0,0,1,0,0,0,0,0,0,0,0,0,0,0,0,0,0,0,0,0,0,0,0,0,0,0,0,0,5,3,0,0,0,0,0,0,0,1,4,1,0,0,0,0,0,2,0,0,0,0,0,0,2,0,0,0,0,2,0,4,1,0,0,3,0,0,0,0,0,0,0,0,0,0,0,4,0,0,0,0,0,0,0,0,0,0,3,0,0,0,0,0,0,0,0,0,0,0,0,0,0,0,0,0,3,0,0,0,0,0,0,0,0,0,0,0,9,4,0,0,0,0
K43-4Plogged,K43,K43-4,2010,639,51,0,pre_logged,general_mixed,303668,508016,0,0,0,0,0,0.19,0.25,0,20,0,1,0,1,2,2,25,0,1,0,26,0,0,0,0,0,0,0,0,0,0,0,0,0,0,0,1,1,0,0,0,0,7,0,0,0,0,1,0,4,0,5,1,2,1,0,0,0,0,0,3,3,0,0,0,0,0,0,0,0,0,0,0,0,1,0,0,0,1,0,3,0,16,0,0,0,0,0,0,0,0,0,1,0,0,0,0,0,24,0,0,1,1,0,0,0,0,0,0,1,0,0,0,1,0,0,0,2,0,0,0,0,0,0,0,1,0,1,0,0,0,0,0,0,0,0,0,0,0,3,3,0,0,0,0
