A.fimbriata,A.infuscatus,A.ochrolaemus,A.roraimae,A.rubiginosus,A.spadiceus,B.capensis,B.rivularis,C.aenea,C.arada,C.caeruleus,C.cinerascens,C.cyanoides,C.elegans,C.gutturalis,C.inda,C.largipennis,C.lineatus,C.mellisugus,C.mosquitus,C.notatus,C.spiza,C.talpacoti,C.tyrannina,C.ustulatus,C.variegatus,Co.torquatus,D.certhia,D.fuliginosa,D.longicauda,D.merula,D.picus,D.pipra,E.gutturalis,F.analis,F.colma,F.mellivora,F.viridis,G.albirostris,G.hirsutus,G.montana,G.rufigula,G.spirurus,H.cantator,H.flavicollis,H.leucosticta,H.macularius,H.melanopogon,H.muscicapinus,H.naevius,H.ochraceiceps,H.perrotii,L.albolineatus,L.fulvus,L.galeatus,L.hypopyrra,L.rufaxilla,L.verreauxi,L.vociferans,M.axillaris,M.barbatus,M.behni,M.ferruginea,M.gilvicollis,M.guttata,M.longipennis,M.macconnelli,M.menetriesii,M.momota,M.oleagineus,M.schisticolor,M.sulphureipygius,M.swainsoni,M.villosus,M.viridicata,M.watsonii,My.torquata,N.chrysocephalum,N.tectus,O.coronatus,O.inerme,P.albicollis,P.albifrons,P.augusti,P.carnifex,P.coronatus,P.crepitans,P.griseogularis,P.longuemareus,P.melanocephalus,P.platyrhynchos,P.pyrrhodes,P.ruber,P.ruficaudatum,P.saturatus,P.stellaris,P.striigularis,P.subvinacea,P.superciliosus,P.uropygialis,Pe.erythromelas,Ph.erythrocercum,Pi.erythrocephala,R.olivaceus,R.ruficauda,S.grossus,S.leucostigma,S.mexicanus,S.olivacea,S.rufigularis,S.turdina,T.albicollis,T.ardesiacus,T.caesius,T.chionurus,T.erythrurus,T.fumigatus,T.furcata,T.insignis,T.leucurus,T.melanurus,T.murinus,T.pella,T.punctatus,T.sulphurescens,T.surinamus,T.violaceus,T.virescens,W.poecilonota,X.guttatus,X.minutus,X.obsoletus,X.pardalotus,X.promeropirhynchus
0,0,0,0,0,0,0,0,0,0,0,0,1.897533207,0,3.795066414,0,7.590132827,1.897533207,0,0,0,0,0,0,0,0,0,0,1.897533207,3.795066414,1.897533207,0,22.77039848,5.69259962,0,0,0,0,0,0,1.897533207,0,7.590132827,0,0,0,0,0,0,0,1.897533207,0,0,0,0,0,0,0,0,0,1.897533207,1.897533207,0,0,5.69259962,1.897533207,7.590132827,0,0,7.590132827,0,0,0,0,0,0,0,0,0,1.897533207,0,0,13.28273245,0,0,0,0,0,0,0,0,0,0,0,3.795066414,0,0,0,0,0,0,0,1.897533207,0,0,0,1.897533207,0,0,0,0,0,9.487666034,3.795066414,0,0,0,0,0,0,0,0,0,0,0,3.795066414,0,0,7.590132827,0,0,0,0,0
0,0,0,0,0,0,0,0,1.610305958,0,0,0,0,0,3.220611916,0,3.220611916,0,0,0,0,0,0,0,0,0,0,0,0,0,0,0,38.647343,1.610305958,0,4.830917874,0,0,0,0,0,4.830917874,4.830917874,0,0,0,0,0,0,0,1.610305958,0,0,0,0,0,0,0,0,0,0,0,0,3.220611916,3.220611916,1.610305958,1.610305958,1.610305958,0,1.610305958,0,0,0,0,0,0,0,0,0,0,0,0,9.661835749,0,0,0,0,0,0,0,1.610305958,0,0,0,1.610305958,0,0,0,1.610305958,0,0,0,0,0,1.610305958,0,0,0,0,0,0,0,4.830917874,3.220611916,0,0,0,0,0,0,0,3.220611916,0,0,0,0,0,0,8.051529791,1.610305958,3.220611916,0,0,0
0,0,0,0,0,0,0,0,0,1.547987616,0,0,0,1.547987616,0,1.547987616,10.83591331,0,1.547987616,0,0,1.547987616,0,1.547987616,0,0,0,0,3.095975232,1.547987616,1.547987616,0,10.83591331,1.547987616,1.547987616,0,0,0,0,1.547987616,0,1.547987616,10.83591331,0,0,0,0,0,0,0,0,0,0,0,0,0,0,0,0,3.095975232,0,0,0,0,0,7.73993808,4.643962848,7.73993808,0,1.547987616,0,0,0,0,0,0,4.643962848,0,0,0,0,0,13.93188854,0,1.547987616,0,0,0,0,0,1.547987616,0,1.547987616,0,0,0,3.095975232,0,0,0,0,0,0,0,0,0,0,0,0,0,0,0,3.095975232,0,0,0,0,4.643962848,0,1.547987616,0,0,0,0,0,4.643962848,0,0,7.73993808,0,0,0,0,0
0,0,0,0,0,0,0,0,0,0,0,0,0,0,1.633986928,0,4.901960784,0,0,0,0,0,0,0,0,0,0,0,4.901960784,3.267973856,1.633986928,0,6.535947712,3.267973856,1.633986928,0,0,0,0,0,0,3.267973856,8.169934641,0,0,0,0,0,0,0,0,0,0,0,0,0,0,0,0,0,1.633986928,0,0,0,4.901960784,14.70588235,11.4379085,0,0,8.169934641,0,0,0,0,0,0,0,0,0,0,0,0,0,0,0,0,0,0,0,0,0,0,0,0,4.901960784,0,0,0,0,0,0,0,3.267973856,0,1.633986928,0,3.267973856,0,0,0,0,0,9.803921569,9.803921569,0,0,0,0,0,1.633986928,0,0,1.633986928,0,0,1.633986928,0,0,3.267973856,0,0,0,0,0
0,1.388888889,0,0,0,0,0,0,0,0,0,0,0,0,2.777777778,0,1.388888889,0,0,0,0,0,0,0,0,0,0,0,1.388888889,0,4.166666667,0,13.88888889,2.777777778,1.388888889,2.777777778,0,1.388888889,0,0,0,8.333333333,8.333333333,0,0,0,0,0,0,0,2.777777778,2.777777778,0,0,0,0,0,0,0,0,0,0,0,0,2.777777778,1.388888889,5.555555556,0,0,1.388888889,0,1.388888889,0,0,0,0,0,0,0,0,0,0,18.05555556,0,0,0,0,0,0,0,2.777777778,0,0,0,5.555555556,0,0,0,0,0,0,0,1.388888889,0,0,0,1.388888889,2.777777778,4.166666667,0,0,0,4.166666667,0,0,0,0,0,0,0,0,2.777777778,0,0,0,4.166666667,0,0,2.777777778,1.388888889,1.388888889,0,0,0
0,0,0,0,1.481481481,0,0,0,0,2.962962963,0,0,0,0,0,0,2.962962963,0,0,0,0,0,0,0,0,0,0,0,0,0,1.481481481,0,14.81481481,0,0,0,0,0,0,0,0,1.481481481,7.407407407,0,0,0,0,0,0,0,0,0,0,0,0,0,0,0,0,0,0,0,0,0,10.37037037,1.481481481,14.81481481,1.481481481,0,0,1.481481481,0,0,0,0,0,0,0,0,0,0,0,5.925925926,0,0,0,0,1.481481481,0,0,5.925925926,0,0,0,0,0,0,0,1.481481481,0,0,0,0,0,1.481481481,0,1.481481481,0,0,0,1.481481481,0,5.925925926,0,0,0,0,1.481481481,0,4.444444444,0,1.481481481,0,0,0,0,0,0,1.481481481,0,1.481481481,0,1.481481481,0
0,0,0,0,0,0,0,0,0,0,0,0,0,0,3.316749585,0,0,0,0,0,1.658374793,0,0,0,0,0,0,0,1.658374793,0,0,0,13.26699834,1.658374793,0,3.316749585,0,0,0,0,1.658374793,0,9.950248756,1.658374793,1.658374793,0,0,0,0,0,4.975124378,0,0,0,0,0,0,0,0,8.291873964,6.633499171,0,0,0,9.950248756,9.950248756,0,3.316749585,0,3.316749585,0,0,0,0,0,0,0,0,0,0,0,0,1.658374793,0,0,0,0,0,0,0,3.316749585,0,0,0,0,0,0,0,4.975124378,0,0,0,0,0,0,0,0,0,0,0,1.658374793,0,6.633499171,9.950248756,0,0,0,0,0,0,0,1.658374793,0,0,0,4.975124378,0,0,4.975124378,0,0,0,3.316749585,0
0,0,0,0,0,0,0,0,0,3.121098627,0,0,0,0,3.121098627,0,0,0,0,0,0,0,0,0,0,0,0,0,1.560549313,0,0,0,14.04494382,4.68164794,1.560549313,1.560549313,0,0,0,0,0,0,14.04494382,3.121098627,0,0,1.560549313,0,0,0,3.121098627,0,0,0,0,0,0,0,0,0,0,3.121098627,0,0,6.242197253,3.121098627,14.04494382,9.36329588,0,0,3.121098627,0,0,3.121098627,0,0,0,0,0,0,0,0,9.36329588,0,0,0,0,0,0,0,1.560549313,0,0,0,1.560549313,0,0,0,0,0,0,0,0,0,0,0,0,1.560549313,1.560549313,0,0,0,3.121098627,3.121098627,0,0,0,0,0,0,0,4.68164794,0,0,0,3.121098627,0,0,3.121098627,6.242197253,0,0,0,0
0,0,0,0,0,0,0,0,0,0,0,0,0,1.564945227,1.564945227,0,0,0,0,0,0,0,0,0,0,0,0,0,1.564945227,1.564945227,3.129890454,0,7.824726135,1.564945227,0,0,0,0,1.564945227,0,1.564945227,0,6.259780908,0,0,0,0,0,0,0,0,0,0,0,0,0,0,0,0,0,0,0,0,0,1.564945227,4.694835681,0,0,0,1.564945227,0,0,0,0,0,0,0,0,0,1.564945227,0,0,9.389671362,0,0,0,0,0,0,0,0,0,0,0,3.129890454,0,0,0,3.129890454,0,0,0,3.129890454,0,0,0,0,0,0,0,6.259780908,0,7.824726135,0,0,0,0,0,0,0,0,0,0,0,0,0,0,0,6.259780908,1.564945227,1.564945227,0,1.564945227,0
0,0,0,0,0,0,0,0,0,0,0,0,0,0,3.220611916,0,0,0,0,0,0,0,0,0,0,0,0,0,3.220611916,0,1.610305958,1.610305958,0,0,1.610305958,0,0,0,0,0,4.830917874,1.610305958,3.220611916,0,0,0,0,0,0,0,0,0,0,0,0,0,0,0,0,1.610305958,0,0,0,1.610305958,0,1.610305958,1.610305958,1.610305958,0,1.610305958,0,0,0,0,0,0,0,0,0,0,0,0,6.441223833,0,0,0,0,0,1.610305958,0,1.610305958,0,0,0,0,0,0,1.610305958,1.610305958,0,0,0,1.610305958,0,0,0,0,0,0,0,0,0,0,4.830917874,0,0,0,1.610305958,0,0,0,0,0,0,0,11.27214171,0,0,9.661835749,4.830917874,0,0,0,0
0,0,0,0,0,0,0,0,0,0,0,0,0,0,0,0,0,0,0,0,0,0,0,0,0,0,0,0,9.259259259,0,1.543209877,0,4.62962963,1.543209877,0,0,0,0,0,0,1.543209877,18.51851852,16.97530864,0,0,0,0,0,0,0,4.62962963,0,0,0,0,0,0,0,1.543209877,0,0,0,0,0,1.543209877,6.172839506,4.62962963,0,0,0,6.172839506,0,0,0,0,0,0,0,0,1.543209877,0,0,13.88888889,0,0,0,1.543209877,0,0,0,0,0,0,0,4.62962963,0,0,0,0,0,3.086419753,0,0,0,0,0,0,0,4.62962963,0,0,0,3.086419753,0,0,0,0,0,0,0,0,0,0,0,0,4.62962963,0,0,6.172839506,1.543209877,0,0,0,0
0,0,0,1.543209877,0,0,0,0,1.543209877,0,0,0,0,0,1.543209877,0,0,0,0,0,0,0,0,0,0,0,0,0,3.086419753,0,20.0617284,0,10.80246914,1.543209877,0,3.086419753,0,0,0,0,4.62962963,21.60493827,1.543209877,0,0,0,1.543209877,0,0,0,0,0,0,0,0,0,0,0,1.543209877,0,0,0,0,1.543209877,0,4.62962963,3.086419753,0,1.543209877,6.172839506,0,0,0,0,0,0,0,0,0,0,0,0,35.49382716,0,0,0,0,0,0,0,1.543209877,0,0,0,1.543209877,0,0,0,0,0,0,0,0,0,0,0,0,0,0,0,1.543209877,0,4.62962963,1.543209877,0,0,0,0,0,0,0,4.62962963,0,0,0,0,0,0,12.34567901,1.543209877,0,0,1.543209877,0
0,0,0,0,0,0,1.564945227,0,0,0,0,0,0,0,0,0,0,1.564945227,0,0,0,0,0,0,0,0,0,1.564945227,0,0,0,0,10.95461659,1.564945227,0,6.259780908,0,0,0,0,3.129890454,0,3.129890454,0,0,0,0,0,0,0,3.129890454,0,0,0,1.564945227,0,0,0,0,0,1.564945227,0,0,0,1.564945227,6.259780908,1.564945227,0,0,4.694835681,0,0,0,0,0,0,3.129890454,0,0,0,0,0,10.95461659,0,0,0,0,0,0,0,0,3.129890454,0,0,1.564945227,0,0,0,0,0,0,7.824726135,0,0,0,0,0,0,0,0,15.64945227,0,3.129890454,9.389671362,0,1.564945227,0,0,0,0,0,0,0,0,0,0,0,0,9.389671362,0,3.129890454,3.129890454,1.564945227,0
0,0,0,0,0,0,0,0,0,4.62962963,1.543209877,0,0,0,0,0,0,0,0,0,0,0,0,0,0,0,0,0,0,0,1.543209877,0,32.40740741,0,0,0,0,0,1.543209877,0,6.172839506,6.172839506,7.716049383,0,0,0,0,0,0,0,1.543209877,0,0,0,0,0,0,1.543209877,0,1.543209877,0,1.543209877,0,0,7.716049383,1.543209877,13.88888889,1.543209877,0,4.62962963,0,0,0,0,0,0,3.086419753,0,0,0,0,0,6.172839506,0,0,0,0,0,0,0,1.543209877,0,0,0,3.086419753,0,0,0,3.086419753,1.543209877,0,0,3.086419753,0,1.543209877,0,0,0,3.086419753,0,0,0,3.086419753,1.543209877,0,0,0,0,0,0,0,6.172839506,0,0,0,7.716049383,0,1.543209877,6.172839506,4.62962963,1.543209877,0,0,0
0,0,1.406469761,0,2.812939522,0,0,0,0,15.47116737,1.406469761,0,0,0,1.406469761,0,0,0,0,0,0,0,0,2.812939522,0,0,0,0,1.406469761,0,0,0,4.219409283,0,0,1.406469761,0,0,0,0,0,2.812939522,2.812939522,0,0,0,0,0,0,0,2.812939522,0,0,0,0,0,0,0,0,0,0,0,0,0,2.812939522,18.28410689,1.406469761,0,0,11.25175809,0,0,0,0,0,0,5.625879044,0,0,0,0,0,5.625879044,0,0,0,0,0,0,0,0,0,0,1.406469761,2.812939522,0,0,0,0,0,0,0,0,0,0,0,0,0,0,0,2.812939522,0,11.25175809,0,0,1.406469761,0,0,0,0,0,1.406469761,0,0,0,0,0,0,8.438818565,0,0,0,4.219409283,0
0,0,0,0,0,0,0,0,0,0,0,0,0,0,1.543209877,0,0,0,0,0,0,0,0,0,0,0,0,0,1.543209877,0,1.543209877,0,9.259259259,0,0,1.543209877,0,0,0,0,0,3.086419753,1.543209877,0,0,0,0,0,0,0,1.543209877,0,0,0,0,0,0,0,0,1.543209877,0,0,0,0,0,10.80246914,0,0,0,4.62962963,0,0,0,0,0,0,0,0,0,0,0,0,3.086419753,0,0,0,0,0,0,0,0,0,1.543209877,0,1.543209877,0,0,0,0,0,0,0,0,0,0,0,1.543209877,0,0,0,1.543209877,0,1.543209877,0,0,3.086419753,0,0,0,0,0,0,0,0,0,0,0,0,3.086419753,4.62962963,0,0,0,0
0,0,0,0,0,0,0,0,0,0,0,0,0,0,4.721435316,0,0,0,0,0,0,0,0,0,1.573811772,0,0,0,3.147623544,0,1.573811772,0,15.73811772,1.573811772,0,0,0,0,0,0,0,7.869058861,6.295247088,0,0,0,0,0,0,0,0,0,0,0,0,0,0,0,0,0,0,0,0,0,3.147623544,0,7.869058861,0,0,3.147623544,0,0,0,0,0,0,3.147623544,0,0,0,0,0,23.60717658,0,0,0,0,0,0,0,0,0,0,3.147623544,3.147623544,0,0,0,1.573811772,0,0,0,4.721435316,0,0,0,0,6.295247088,4.721435316,0,0,0,3.147623544,0,0,0,0,0,0,0,0,1.573811772,0,0,0,6.295247088,0,0,7.869058861,0,1.573811772,0,0,0
0,0,0,0,1.543209877,0,0,0,0,0,0,0,0,0,6.172839506,1.543209877,0,0,0,0,0,0,0,0,0,0,0,1.543209877,0,0,1.543209877,0,4.62962963,0,4.62962963,0,0,0,0,0,0,1.543209877,1.543209877,0,0,0,1.543209877,1.543209877,0,0,0,0,0,0,0,0,0,0,0,0,0,0,0,0,3.086419753,7.716049383,6.172839506,0,1.543209877,4.62962963,0,0,0,0,0,0,0,0,1.543209877,0,0,0,7.716049383,0,1.543209877,0,0,0,0,0,0,0,0,0,3.086419753,0,0,0,0,0,1.543209877,0,0,0,0,0,0,0,0,0,3.086419753,1.543209877,12.34567901,1.543209877,0,0,0,0,0,0,0,0,0,0,0,1.543209877,0,0,4.62962963,1.543209877,3.086419753,0,1.543209877,0
0,0,0,0,0,0,0,0,1.736111111,0,0,0,0,0,0,0,0,0,0,0,0,0,0,1.736111111,0,0,0,0,0,0,0,0,19.09722222,1.736111111,0,1.736111111,0,0,0,0,0,0,12.15277778,0,0,0,0,0,0,0,5.208333333,0,0,0,0,0,0,0,0,0,0,0,0,0,3.472222222,6.944444444,3.472222222,0,0,1.736111111,0,0,0,0,0,0,0,3.472222222,0,0,0,0,8.680555556,0,0,0,1.736111111,0,0,0,0,0,0,0,0,0,0,0,0,0,0,0,0,0,0,0,0,0,0,0,1.736111111,0,8.680555556,5.208333333,0,0,0,1.736111111,0,0,0,3.472222222,0,0,0,3.472222222,0,0,5.208333333,0,0,0,0,0
0,0,0,0,0,0,1.550628004,0,1.550628004,0,0,0,0,0,0,0,1.550628004,0,0,0,0,0,0,0,0,0,0,0,0,0,1.550628004,0,6.202512017,0,0,0,0,0,0,0,0,12.40502403,3.101256009,0,0,0,0,0,0,0,1.550628004,0,0,0,0,0,0,0,0,0,0,0,0,0,4.651884013,1.550628004,0,0,0,3.101256009,0,0,0,3.101256009,0,0,0,0,0,0,0,0,23.25942007,0,0,0,0,0,0,0,1.550628004,0,0,0,0,0,0,0,0,0,0,0,0,1.550628004,0,0,1.550628004,0,1.550628004,0,0,0,0,0,0,0,0,0,0,0,0,1.550628004,0,0,0,0,0,0,1.550628004,0,0,0,0,0
0,0,0,0,0,0,0,0,1.614465612,0,0,0,0,0,0,0,0,0,0,0,0,0,0,0,0,0,0,0,1.614465612,1.614465612,1.614465612,0,19.37358734,1.614465612,0,0,0,0,0,0,0,0,4.843396836,0,0,0,0,0,0,0,0,0,0,0,0,0,0,0,0,0,0,0,0,3.228931224,4.843396836,3.228931224,3.228931224,1.614465612,0,3.228931224,0,0,0,0,0,0,0,0,0,0,0,0,4.843396836,0,0,0,0,0,0,0,0,0,0,0,0,0,0,0,0,0,0,0,0,0,0,0,0,0,0,0,9.686793671,0,6.457862448,0,0,0,0,0,0,0,0,0,0,0,0,0,0,0,3.228931224,0,1.614465612,0,0,0
0,0,0,0,0,0,0,0,3.267973856,0,0,0,0,0,0,0,1.633986928,0,0,0,0,0,1.633986928,0,1.633986928,0,0,0,0,0,0,0,42.48366013,0,0,0,0,0,0,0,0,3.267973856,4.901960784,6.535947712,0,0,0,0,0,0,0,0,0,0,0,0,0,0,0,1.633986928,0,0,0,0,3.267973856,3.267973856,1.633986928,1.633986928,0,13.07189542,0,0,0,0,0,0,0,0,0,0,0,0,4.901960784,0,0,0,0,0,0,0,0,0,0,0,0,0,0,0,1.633986928,0,0,0,1.633986928,0,1.633986928,0,0,0,0,0,1.633986928,0,0,1.633986928,0,0,0,0,0,0,0,0,0,0,0,4.901960784,0,0,4.901960784,1.633986928,0,0,0,0
0,0,0,0,0,0,0,0,0,0,3.156565657,0,0,0,0,0,0,0,0,0,0,0,0,0,0,0,0,0,0,0,3.156565657,0,33.14393939,4.734848485,0,0,0,0,0,0,0,14.20454545,4.734848485,0,0,0,0,0,0,0,0,0,0,0,0,0,0,0,0,0,0,0,0,0,4.734848485,0,4.734848485,0,0,3.156565657,0,0,0,0,0,0,0,0,0,1.578282828,0,0,7.891414141,0,0,0,0,0,0,0,0,0,0,0,0,1.578282828,0,0,1.578282828,0,0,0,0,0,0,0,1.578282828,0,1.578282828,0,0,0,6.313131313,0,0,0,0,0,0,0,0,1.578282828,0,0,0,4.734848485,0,0,7.891414141,1.578282828,0,0,0,0
0,0,0,0,0,0,0,0,3.220611916,0,0,0,0,0,4.830917874,0,0,0,0,0,1.610305958,0,0,8.051529791,0,0,0,0,6.441223833,1.610305958,0,0,40.25764895,1.610305958,3.220611916,0,0,0,0,0,0,0,6.441223833,0,0,0,0,0,0,0,0,0,0,0,0,0,0,0,0,1.610305958,4.830917874,0,0,0,3.220611916,11.27214171,20.93397746,0,0,1.610305958,0,0,0,0,0,0,1.610305958,0,0,0,0,0,4.830917874,0,0,0,0,0,0,0,0,0,0,0,1.610305958,0,0,0,0,0,0,0,0,0,0,0,3.220611916,0,0,0,0,0,0,0,0,0,0,0,0,0,0,0,0,0,0,3.220611916,0,0,8.051529791,1.610305958,0,0,0,0
0,0,0,0,0,0,0,0,1.598721023,0,3.197442046,0,0,0,0,0,1.598721023,0,0,0,0,0,0,3.197442046,0,0,0,0,0,1.598721023,0,0,31.97442046,3.197442046,0,0,0,0,0,0,0,11.19104716,1.598721023,4.79616307,0,0,0,0,0,0,1.598721023,0,0,0,0,0,0,0,0,6.394884093,4.79616307,0,0,0,1.598721023,9.592326139,7.993605116,1.598721023,1.598721023,0,0,0,0,0,0,0,0,0,0,0,0,0,1.598721023,0,0,0,0,0,0,0,0,0,0,0,4.79616307,0,0,0,1.598721023,0,0,0,0,0,0,0,4.79616307,0,0,0,1.598721023,0,0,7.993605116,0,1.598721023,0,4.79616307,0,0,0,3.197442046,0,0,0,0,1.598721023,0,9.592326139,3.197442046,3.197442046,0,0,0
0,0,0,0,0,0,0,0,0,0,0,0,0,0,0,0,1.578282828,0,0,0,0,0,0,0,0,0,0,0,4.734848485,0,0,0,11.0479798,0,0,0,0,1.578282828,0,0,0,0,3.156565657,0,0,0,0,0,0,0,0,0,0,0,0,0,0,0,0,0,0,0,0,0,3.156565657,4.734848485,0,0,0,0,0,0,0,7.891414141,0,0,3.156565657,0,0,0,0,0,15.78282828,0,0,0,0,0,0,0,0,0,0,0,1.578282828,0,0,0,0,0,0,0,0,0,0,0,0,0,1.578282828,0,0,0,6.313131313,0,0,0,0,0,0,0,0,1.578282828,0,0,0,1.578282828,0,0,7.891414141,3.156565657,1.578282828,0,0,0
0,0,0,0,0,0,3.134796238,0,0,0,0,0,0,0,0,0,0,0,0,0,0,0,0,0,0,0,0,0,3.134796238,0,3.134796238,0,21.94357367,4.702194357,0,1.567398119,0,0,0,0,0,0,10.97178683,0,3.134796238,0,0,0,0,0,0,0,1.567398119,0,0,0,0,0,0,1.567398119,0,0,0,0,4.702194357,7.836990596,1.567398119,7.836990596,0,0,0,0,0,0,0,0,3.134796238,0,0,0,0,0,18.80877743,0,0,0,0,0,0,0,1.567398119,0,0,0,4.702194357,0,0,0,0,0,0,0,0,0,0,0,0,0,0,0,0,3.134796238,7.836990596,1.567398119,0,0,0,0,0,0,0,0,0,0,0,4.702194357,0,0,6.269592476,0,3.134796238,0,0,0
0,0,0,0,0,0,0,0,0,0,0,0,0,0,0,0,3.209242619,0,1.604621309,0,0,0,0,0,0,0,0,3.209242619,0,0,1.604621309,0,33.6970475,0,0,4.813863928,1.604621309,0,0,0,0,0,8.023106547,0,0,0,0,0,0,0,0,0,0,0,0,0,0,0,0,0,0,0,0,0,0,0,8.023106547,0,0,1.604621309,0,0,0,0,0,1.604621309,0,1.604621309,0,0,0,0,3.209242619,0,0,0,0,0,0,0,0,0,0,0,1.604621309,0,0,0,8.023106547,0,0,0,1.604621309,0,0,0,0,0,0,0,4.813863928,3.209242619,0,0,0,0,0,0,0,0,0,0,0,0,0,1.604621309,0,0,9.627727856,0,0,0,1.604621309,0
0,0,0,0,0,0,0,0,0,0,0,0,0,0,0,0,1.657000829,0,0,0,0,0,0,0,0,0,0,0,1.657000829,0,1.657000829,0,29.82601491,0,0,1.657000829,0,0,0,0,0,3.314001657,4.971002486,1.657000829,0,0,0,0,0,0,0,0,0,0,0,0,0,0,0,0,0,0,0,0,0,6.628003314,3.314001657,0,0,4.971002486,0,0,0,3.314001657,1.657000829,0,0,0,0,0,0,0,3.314001657,0,0,0,0,0,0,0,0,0,0,0,6.628003314,0,0,0,0,0,0,0,1.657000829,0,0,0,0,0,4.971002486,0,0,0,3.314001657,0,0,0,0,0,0,0,0,1.657000829,0,0,0,0,0,0,1.657000829,4.971002486,0,0,0,0
0,0,0,0,0,0,0,0,0,0,0,0,0,0,0,0,0,0,0,0,0,0,0,1.610305958,0,0,3.220611916,0,1.610305958,0,3.220611916,0,38.647343,0,0,0,0,0,0,0,0,1.610305958,4.830917874,0,0,0,0,0,0,0,0,0,0,0,0,0,0,0,0,0,0,0,0,0,0,0,14.49275362,0,0,0,0,0,0,0,0,0,1.610305958,9.661835749,0,0,0,0,4.830917874,0,0,0,0,0,0,0,0,0,0,0,3.220611916,0,0,0,1.610305958,0,0,0,1.610305958,0,0,0,0,0,0,0,0,1.610305958,11.27214171,0,0,0,0,1.610305958,0,0,0,0,0,0,0,0,0,0,3.220611916,0,8.051529791,0,0,1.610305958
0,0,0,0,0,1.680672269,0,0,0,0,0,0,0,0,0,0,0,0,0,0,0,0,0,1.680672269,0,0,0,0,0,0,1.680672269,0,6.722689076,1.680672269,0,0,0,0,0,0,1.680672269,8.403361345,13.44537815,3.361344538,0,0,0,0,0,0,1.680672269,0,0,0,0,0,0,0,0,0,0,0,1.680672269,0,0,1.680672269,3.361344538,0,0,1.680672269,0,0,0,0,0,0,0,0,0,0,0,0,1.680672269,0,0,0,0,0,0,0,0,0,0,0,1.680672269,0,0,0,0,0,0,0,3.361344538,0,0,1.680672269,0,0,0,0,0,1.680672269,1.680672269,0,0,0,0,0,0,0,0,1.680672269,0,0,0,0,0,0,5.042016807,0,0,0,0,0
0,0,3.174603175,0,0,0,0,0,0,0,0,0,0,0,0,0,0,0,0,0,0,0,0,0,1.587301587,0,0,0,0,0,0,0,1.587301587,1.587301587,0,0,0,0,0,0,0,6.349206349,9.523809524,0,0,0,0,0,0,0,0,0,0,0,0,0,0,0,0,0,0,0,0,0,3.174603175,0,0,0,1.587301587,0,0,0,0,0,0,0,0,0,0,0,0,0,15.87301587,0,1.587301587,0,0,0,0,0,0,0,0,0,3.174603175,0,0,0,1.587301587,0,0,0,1.587301587,0,0,0,0,1.587301587,0,0,0,0,4.761904762,0,0,0,0,0,0,0,0,1.587301587,0,0,0,0,0,0,3.174603175,1.587301587,0,0,0,0
0,0,0,0,0,0,1.610305958,1.610305958,0,0,0,0,0,1.610305958,4.830917874,0,0,0,0,0,0,0,0,0,0,0,0,0,0,0,3.220611916,1.610305958,3.220611916,0,0,0,0,3.220611916,0,0,0,12.88244767,6.441223833,0,0,0,0,0,0,0,0,0,0,0,0,0,0,0,0,0,0,0,0,0,0,0,9.661835749,0,0,0,0,0,0,0,0,0,0,0,0,0,0,0,4.830917874,1.610305958,0,0,0,0,0,0,0,0,0,0,3.220611916,0,0,0,1.610305958,0,0,0,4.830917874,0,0,0,0,0,0,0,0,0,3.220611916,0,0,0,0,0,0,0,0,0,0,0,0,3.220611916,0,0,1.610305958,3.220611916,0,0,0,0
0,0,0,0,0,0,0,0,0,0,0,0,0,0,0,0,1.782531194,0,0,0,0,0,0,1.782531194,0,0,0,0,3.565062389,0,1.782531194,0,19.60784314,0,0,0,0,0,0,0,0,5.347593583,10.69518717,0,0,0,0,1.782531194,0,0,0,0,0,0,0,0,0,0,0,0,0,0,0,0,1.782531194,1.782531194,1.782531194,0,0,0,0,0,0,0,0,0,0,0,0,0,0,0,7.130124777,0,0,0,0,0,0,0,0,0,0,0,0,0,0,0,5.347593583,0,0,0,1.782531194,0,0,0,3.565062389,0,0,0,0,3.565062389,3.565062389,1.782531194,0,0,0,0,0,5.347593583,0,0,0,0,0,3.565062389,0,0,3.565062389,5.347593583,0,0,0,0
0,0,0,0,0,0,0,0,1.578282828,0,0,1.578282828,0,0,0,0,0,0,0,0,0,0,0,0,0,0,0,0,0,0,6.313131313,0,11.0479798,1.578282828,4.734848485,1.578282828,0,0,0,0,0,4.734848485,6.313131313,0,0,0,0,0,0,0,4.734848485,0,0,0,0,0,0,0,0,0,0,4.734848485,0,0,3.156565657,0,9.46969697,0,0,0,0,0,0,0,0,0,0,0,0,0,0,0,18.93939394,0,0,0,0,0,0,0,0,0,0,0,0,1.578282828,0,0,0,0,0,0,0,0,0,0,1.578282828,1.578282828,1.578282828,1.578282828,0,3.156565657,4.734848485,4.734848485,0,1.578282828,0,1.578282828,0,0,0,6.313131313,0,0,0,1.578282828,0,0,11.0479798,4.734848485,0,0,0,0
0,0,0,0,0,0,0,0,0,0,0,0,0,0,0,0,1.587301587,0,0,0,0,0,0,6.349206349,0,0,0,0,0,1.587301587,0,0,15.87301587,0,1.587301587,3.174603175,0,0,0,0,0,1.587301587,7.936507937,0,0,0,0,0,1.587301587,0,0,0,0,0,0,0,0,0,0,0,0,0,0,1.587301587,0,0,11.11111111,0,0,0,0,0,0,0,0,0,0,0,0,0,0,0,3.174603175,0,0,1.587301587,0,0,0,0,0,0,0,0,0,0,0,0,1.587301587,0,4.761904762,0,0,0,0,0,0,0,0,0,0,0,1.587301587,0,0,0,0,1.587301587,0,3.174603175,0,0,0,0,0,0,0,0,0,4.761904762,0,0,0,0
0,0,0,0,0,0,0,0,0,0,0,0,0,0,1.730103806,0,5.190311419,0,0,0,0,0,0,0,0,0,0,0,0,0,0,0,13.84083045,0,0,0,0,0,0,0,0,5.190311419,13.84083045,0,0,0,1.730103806,0,0,0,1.730103806,3.460207612,0,0,0,0,0,0,0,0,0,0,0,0,3.460207612,0,20.76124567,0,0,0,0,0,0,0,0,0,1.730103806,0,0,0,0,0,0,0,0,0,0,0,0,0,0,0,0,0,0,0,0,0,5.190311419,0,0,0,0,0,0,0,0,0,0,0,1.730103806,0,0,0,0,0,0,1.730103806,0,0,0,0,0,0,0,0,0,0,1.730103806,0,0,0,0,0
0,0,1.578282828,0,0,0,0,0,0,0,0,0,0,0,0,0,0,0,0,0,0,0,0,0,0,0,0,0,1.578282828,0,4.734848485,0,17.36111111,1.578282828,3.156565657,0,0,0,0,0,0,3.156565657,9.46969697,1.578282828,0,0,0,0,0,0,7.891414141,0,0,0,0,0,0,0,0,1.578282828,0,0,0,0,4.734848485,3.156565657,12.62626263,3.156565657,0,0,0,1.578282828,0,0,0,0,0,1.578282828,0,1.578282828,0,1.578282828,3.156565657,0,0,0,0,0,0,0,0,0,0,0,1.578282828,0,0,0,0,0,1.578282828,0,1.578282828,0,0,0,0,1.578282828,1.578282828,0,0,1.578282828,6.313131313,1.578282828,0,0,0,0,0,0,0,0,0,0,0,4.734848485,0,0,7.891414141,9.46969697,0,0,0,0
0,0,0,0,0,0,0,0,0,0,0,0,0,0,0,0,0,0,0,0,0,0,0,0,0,0,0,0,1.564945227,0,0,0,10.95461659,3.129890454,0,1.564945227,0,0,0,0,0,1.564945227,10.95461659,0,0,0,3.129890454,0,0,0,1.564945227,0,0,0,0,0,0,0,0,0,0,0,0,0,0,3.129890454,17.2143975,0,0,0,0,0,0,0,0,0,0,0,0,0,0,0,7.824726135,0,0,0,0,0,0,0,0,0,0,0,1.564945227,0,0,0,1.564945227,0,0,0,0,0,0,0,0,0,0,0,3.129890454,0,1.564945227,1.564945227,0,0,0,1.564945227,0,0,1.564945227,1.564945227,0,0,0,3.129890454,0,0,7.824726135,3.129890454,0,0,0,0
0,0,2.219755827,0,0,0,0,0,2.219755827,0,0,0,0,0,0,0,2.219755827,0,0,0,0,0,0,0,0,0,0,0,2.219755827,0,2.219755827,0,6.659267481,2.219755827,0,2.219755827,0,0,0,0,0,2.219755827,2.219755827,4.439511654,0,0,2.219755827,0,0,0,0,0,0,0,0,0,0,0,0,0,0,0,0,0,0,0,0,0,0,6.659267481,0,0,0,0,0,0,2.219755827,0,0,0,0,0,8.879023307,0,0,0,0,0,0,0,0,0,2.219755827,0,0,0,0,0,0,0,2.219755827,0,0,0,0,0,0,0,0,0,0,0,2.219755827,0,0,0,0,4.439511654,0,0,0,0,0,0,0,0,0,0,6.659267481,0,0,0,0,0
0,0,3.147623544,0,0,1.573811772,0,0,0,0,0,0,0,0,0,0,0,0,0,0,0,0,0,0,0,0,0,0,0,0,0,0,7.869058861,4.721435316,0,0,0,0,0,0,0,1.573811772,6.295247088,1.573811772,0,0,0,0,0,0,3.147623544,0,0,0,0,0,0,0,0,3.147623544,0,0,0,0,3.147623544,0,6.295247088,1.573811772,0,0,4.721435316,0,0,0,0,0,0,0,0,0,0,0,6.295247088,0,0,0,0,0,0,0,0,0,0,0,4.721435316,0,0,0,0,0,0,0,0,0,0,0,0,0,0,0,0,0,4.721435316,0,0,0,0,0,0,0,0,0,0,0,0,0,0,0,14.16430595,6.295247088,0,0,0,0
0,0,0,0,0,0,0,0,0,0,0,0,0,0,0,0,1.564945227,1.564945227,0,0,0,0,0,10.95461659,0,0,0,0,1.564945227,0,6.259780908,0,7.824726135,1.564945227,3.129890454,1.564945227,0,0,0,0,0,4.694835681,4.694835681,0,0,0,0,0,0,0,0,0,0,0,0,0,0,0,1.564945227,0,0,0,1.564945227,0,4.694835681,0,25.03912363,0,0,0,0,0,0,0,0,0,1.564945227,0,0,0,0,0,37.55868545,0,0,1.564945227,1.564945227,0,0,0,0,0,0,0,1.564945227,0,0,0,1.564945227,0,0,0,3.129890454,0,0,0,0,0,0,0,1.564945227,0,1.564945227,0,0,0,0,0,0,0,0,0,0,0,0,0,0,0,4.694835681,4.694835681,0,0,0,0
